algorithm,backend,language,tier,kind,n,p,threads,libp4a_build,seed_base,prediction_seed,ok,reported_ms,median_ms,sample_median_ms,mean_ms,min_ms,max_ms,n_runs,total_runs,max_runs,warmup_ms,warmup_included,timing_statistic,timing_decision,parity_ref,parity_max_diff,parity_ok,parity_note,binding_parity_ref,binding_parity_max_diff,binding_parity_ok,binding_parity_note,reference_parity_ref,reference_parity_rmse_abs,reference_parity_rmse_rel,reference_parity_ok,reference_parity_note,reference_parity_tolerance,reference_oracle_path,reference_kind,is_canonical_reference,subprocess_s,predictions_path,versions_json,reason
pls,registry_pls4all,Python,canonical,pls4all_binding,30,30,1,dev-release,1234567890,1234567891,True,0.47714199172332883,0.47714199172332883,0.47714199172332883,0.47714199172332883,0.47714199172332883,0.47714199172332883,1,2,2,1.789345988072455,False,single,probe_le_100ms,registry_pls4all,0.0,True,,registry_pls4all,0.0,True,,ref_python_scikit_learn,nan,nan,False,reference oracle missing; run canonical reference backend,0.1,/home/delete/nirs4all/pls4all/benchmarks/cross_binding/data/.reference_oracles/pls_ref_python_scikit_learn_30x30_seed1234567891.npy,external,False,1.8862257190048695,/home/delete/nirs4all/pls4all/benchmarks/cross_binding/data/.predictions/pls_registry_pls4all_30x30_t1_dev-release.npy,"{""language"": ""Python 3.13.13"", ""blas"": ""libscipy_openblas 0.3.30 blas=1"", ""pls4all"": ""0.97.3"", ""numpy"": ""2.3.5"", ""registry_method"": ""pls"", ""timing_schema"": ""adaptive-v1""}",
pls,cpp,C++,direct,pls4all_core,30,30,1,dev-release,1234567890,1234567891,True,0.42129599023610353,0.42129599023610353,0.42129599023610353,0.42129599023610353,0.42129599023610353,0.42129599023610353,1,2,2,0.8661909960210323,False,single,probe_le_100ms,registry_pls4all,0.0,True,,registry_pls4all,0.0,True,,ref_python_scikit_learn,nan,nan,False,reference oracle missing; run canonical reference backend,0.1,/home/delete/nirs4all/pls4all/benchmarks/cross_binding/data/.reference_oracles/pls_ref_python_scikit_learn_30x30_seed1234567891.npy,external,False,1.9301391359767877,/home/delete/nirs4all/pls4all/benchmarks/cross_binding/data/.predictions/pls_cpp_30x30_t1_dev-release.npy,"{""language"": ""C++ (via ctypes bridge) (host Linux x86_64)"", ""blas"": ""libscipy_openblas 0.3.30 blas=1"", ""libp4a"": ""0.97.3+abi.1.16.0"", ""numpy"": ""2.3.5"", ""registry_method"": ""pls"", ""timing_schema"": ""adaptive-v1""}",
pls,python_tier1,Python,tier 1,pls4all_binding,30,30,1,dev-release,1234567890,1234567891,True,0.44090196024626493,0.44090196024626493,0.44090196024626493,0.44090196024626493,0.44090196024626493,0.44090196024626493,1,2,2,0.8900960092432797,False,single,probe_le_100ms,registry_pls4all,0.0,True,,registry_pls4all,0.0,True,,ref_python_scikit_learn,nan,nan,False,reference oracle missing; run canonical reference backend,0.1,/home/delete/nirs4all/pls4all/benchmarks/cross_binding/data/.reference_oracles/pls_ref_python_scikit_learn_30x30_seed1234567891.npy,external,False,1.9699314670288004,/home/delete/nirs4all/pls4all/benchmarks/cross_binding/data/.predictions/pls_python_tier1_30x30_t1_dev-release.npy,"{""language"": ""Python 3.13.13"", ""blas"": ""libscipy_openblas 0.3.30 blas=1"", ""pls4all"": ""0.97.3"", ""numpy"": ""2.3.5"", ""registry_method"": ""pls"", ""timing_schema"": ""adaptive-v1""}",
pls,python_tier2,Python,tier 2,pls4all_binding,30,30,1,dev-release,1234567890,1234567891,True,0.7421000045724213,0.7421000045724213,0.7421000045724213,0.7421000045724213,0.7421000045724213,0.7421000045724213,1,2,2,1.2330039753578603,False,single,probe_le_100ms,registry_pls4all,0.0,True,,registry_pls4all,0.0,True,,ref_python_scikit_learn,nan,nan,False,reference oracle missing; run canonical reference backend,0.1,/home/delete/nirs4all/pls4all/benchmarks/cross_binding/data/.reference_oracles/pls_ref_python_scikit_learn_30x30_seed1234567891.npy,external,False,2.4028827479924075,/home/delete/nirs4all/pls4all/benchmarks/cross_binding/data/.predictions/pls_python_tier2_30x30_t1_dev-release.npy,"{""language"": ""Python 3.13.13"", ""blas"": ""libscipy_openblas 0.3.30 blas=1; libscipy_openblas 0.3.30 blas=1; libgomp ? openmp=1"", ""pls4all"": ""0.97.3"", ""numpy"": ""2.3.5"", ""sklearn_class"": ""PLSRegression"", ""timing_schema"": ""adaptive-v1""}",
pls,r_tier1,R,tier 1,pls4all_binding,30,30,1,dev-release,1234567890,1234567891,True,2.4534,2.4534,2.4534,2.4534,2.4534,2.4534,1,2,2,46.1711,False,single,probe_le_100ms,registry_pls4all,0.0,True,,registry_pls4all,0.0,True,,ref_python_scikit_learn,nan,nan,False,reference oracle missing; run canonical reference backend,0.1,/home/delete/nirs4all/pls4all/benchmarks/cross_binding/data/.reference_oracles/pls_ref_python_scikit_learn_30x30_seed1234567891.npy,external,False,0.18954368401318789,/home/delete/nirs4all/pls4all/benchmarks/cross_binding/data/.predictions/pls_r_tier1_30x30_t1_dev-release.npy,"{""language"": ""R 4.3.3"", ""pls4all"": ""0.97.3"", ""registry_method"": ""pls"", ""blas"": ""linked-BLAS"", ""timing_schema"": ""adaptive-v1""}",
pls,r_tier2,R,tier 2,pls4all_binding,30,30,1,dev-release,1234567890,1234567891,True,3.1252,3.1252,3.1252,3.1252,3.1252,3.1252,1,2,2,50.4553,False,single,probe_le_100ms,registry_pls4all,0.0,True,,registry_pls4all,0.0,True,,ref_python_scikit_learn,nan,nan,False,reference oracle missing; run canonical reference backend,0.1,/home/delete/nirs4all/pls4all/benchmarks/cross_binding/data/.reference_oracles/pls_ref_python_scikit_learn_30x30_seed1234567891.npy,external,False,0.18832059000851586,/home/delete/nirs4all/pls4all/benchmarks/cross_binding/data/.predictions/pls_r_tier2_30x30_t1_dev-release.npy,"{""language"": ""R 4.3.3"", ""pls4all"": ""0.97.3"", ""registry_method"": ""pls"", ""formula_facade"": true, ""blas"": ""linked-BLAS"", ""timing_schema"": ""adaptive-v1""}",
pls,r_pls_compat,R,pls compat,pls4all_binding,30,30,1,dev-release,1234567890,1234567891,True,7.9026,7.9026,7.9026,7.9026,7.9026,7.9026,1,2,2,48.6912,False,single,probe_le_100ms,registry_pls4all,1.7763568394002505e-15,True,,registry_pls4all,1.7763568394002505e-15,True,,ref_python_scikit_learn,nan,nan,False,reference oracle missing; run canonical reference backend,0.1,/home/delete/nirs4all/pls4all/benchmarks/cross_binding/data/.reference_oracles/pls_ref_python_scikit_learn_30x30_seed1234567891.npy,external,False,0.19900807400699705,/home/delete/nirs4all/pls4all/benchmarks/cross_binding/data/.predictions/pls_r_pls_compat_30x30_t1_dev-release.npy,"{""language"": ""R 4.3.3"", ""pls4all"": ""0.97.3"", ""registry_method"": ""pls"", ""facade"": ""pls_compat"", ""formula_facade"": true, ""blas"": ""linked-BLAS"", ""timing_schema"": ""adaptive-v1""}",
pls,r_mdatools_compat,R,mdatools compat,pls4all_binding,30,30,1,dev-release,1234567890,1234567891,True,3.5269,3.5269,3.5269,3.5269,3.5269,3.5269,1,2,2,45.0098,False,single,probe_le_100ms,registry_pls4all,1.7763568394002505e-15,True,,registry_pls4all,1.7763568394002505e-15,True,,ref_python_scikit_learn,nan,nan,False,reference oracle missing; run canonical reference backend,0.1,/home/delete/nirs4all/pls4all/benchmarks/cross_binding/data/.reference_oracles/pls_ref_python_scikit_learn_30x30_seed1234567891.npy,external,False,0.18927470000926405,/home/delete/nirs4all/pls4all/benchmarks/cross_binding/data/.predictions/pls_r_mdatools_compat_30x30_t1_dev-release.npy,"{""language"": ""R 4.3.3"", ""pls4all"": ""0.97.3"", ""registry_method"": ""pls"", ""facade"": ""mdatools_compat"", ""matrix_facade"": true, ""blas"": ""linked-BLAS"", ""timing_schema"": ""adaptive-v1""}",
pls,matlab_tier1,MATLAB,tier 1,pls4all_binding,30,30,1,dev-release,1234567890,1234567891,True,0.61488151550293,0.61488151550293,0.61488151550293,0.61488151550293,0.61488151550293,0.61488151550293,1,2,2,2.81596183776855,False,single,probe_le_100ms,registry_pls4all,0.0,True,,registry_pls4all,0.0,True,,ref_python_scikit_learn,nan,nan,False,reference oracle missing; run canonical reference backend,0.1,/home/delete/nirs4all/pls4all/benchmarks/cross_binding/data/.reference_oracles/pls_ref_python_scikit_learn_30x30_seed1234567891.npy,external,False,0.23275289603043348,/home/delete/nirs4all/pls4all/benchmarks/cross_binding/data/.predictions/pls_matlab_tier1_30x30_t1_dev-release.npy,"{""language"": ""Octave 10.3.0"", ""pls4all"": ""from libp4a-linked MEX"", ""registry_method"": ""pls"", ""blas"": ""linked-BLAS"", ""timing_schema"": ""adaptive-v1""}",
pls,matlab_tier2,MATLAB,tier 2,pls4all_binding,30,30,1,dev-release,1234567890,1234567891,True,1.13582611083984,1.13582611083984,1.13582611083984,1.13582611083984,1.13582611083984,1.13582611083984,1,2,2,5.57994842529297,False,single,probe_le_100ms,registry_pls4all,1.7763568394002505e-15,True,,registry_pls4all,1.7763568394002505e-15,True,,ref_python_scikit_learn,nan,nan,False,reference oracle missing; run canonical reference backend,0.1,/home/delete/nirs4all/pls4all/benchmarks/cross_binding/data/.reference_oracles/pls_ref_python_scikit_learn_30x30_seed1234567891.npy,external,False,0.1969489089678973,/home/delete/nirs4all/pls4all/benchmarks/cross_binding/data/.predictions/pls_matlab_tier2_30x30_t1_dev-release.npy,"{""language"": ""Octave 10.3.0"", ""pls4all"": ""from libp4a-linked MEX + classdefs"", ""registry_method"": ""pls"", ""blas"": ""linked-BLAS"", ""timing_schema"": ""adaptive-v1""}",
pls,registry_pls4all,Python,canonical,pls4all_binding,100,50,1,dev-release,1234567890,1234567894,True,1.1048989836126566,1.1048989836126566,1.1048989836126566,1.1048989836126566,1.1048989836126566,1.1048989836126566,1,2,2,2.307608025148511,False,single,probe_le_100ms,registry_pls4all,0.0,True,,registry_pls4all,0.0,True,,ref_python_scikit_learn,3.127002756136974,1.3342840849128899,False,,0.1,/home/delete/nirs4all/pls4all/benchmarks/cross_binding/data/.reference_oracles/pls_ref_python_scikit_learn_100x50_seed1234567894.npy,external,False,1.9053092860267498,/home/delete/nirs4all/pls4all/benchmarks/cross_binding/data/.predictions/pls_registry_pls4all_100x50_t1_dev-release.npy,"{""language"": ""Python 3.13.13"", ""blas"": ""libscipy_openblas 0.3.30 blas=1"", ""pls4all"": ""0.97.3"", ""numpy"": ""2.3.5"", ""registry_method"": ""pls"", ""timing_schema"": ""adaptive-v1""}",
pls,cpp,C++,direct,pls4all_core,100,50,1,dev-release,1234567890,1234567894,True,1.06421101372689,1.06421101372689,1.06421101372689,1.06421101372689,1.06421101372689,1.06421101372689,1,2,2,1.527354004792869,False,single,probe_le_100ms,registry_pls4all,0.0,True,,registry_pls4all,0.0,True,,ref_python_scikit_learn,3.127002756136974,1.3342840849128899,False,,0.1,/home/delete/nirs4all/pls4all/benchmarks/cross_binding/data/.reference_oracles/pls_ref_python_scikit_learn_100x50_seed1234567894.npy,external,False,1.9662789520225488,/home/delete/nirs4all/pls4all/benchmarks/cross_binding/data/.predictions/pls_cpp_100x50_t1_dev-release.npy,"{""language"": ""C++ (via ctypes bridge) (host Linux x86_64)"", ""blas"": ""libscipy_openblas 0.3.30 blas=1"", ""libp4a"": ""0.97.3+abi.1.16.0"", ""numpy"": ""2.3.5"", ""registry_method"": ""pls"", ""timing_schema"": ""adaptive-v1""}",
pls,python_tier1,Python,tier 1,pls4all_binding,100,50,1,dev-release,1234567890,1234567894,True,1.0731570073403418,1.0731570073403418,1.0731570073403418,1.0731570073403418,1.0731570073403418,1.0731570073403418,1,2,2,1.5346419531852007,False,single,probe_le_100ms,registry_pls4all,0.0,True,,registry_pls4all,0.0,True,,ref_python_scikit_learn,3.127002756136974,1.3342840849128899,False,,0.1,/home/delete/nirs4all/pls4all/benchmarks/cross_binding/data/.reference_oracles/pls_ref_python_scikit_learn_100x50_seed1234567894.npy,external,False,1.8954115170054138,/home/delete/nirs4all/pls4all/benchmarks/cross_binding/data/.predictions/pls_python_tier1_100x50_t1_dev-release.npy,"{""language"": ""Python 3.13.13"", ""blas"": ""libscipy_openblas 0.3.30 blas=1"", ""pls4all"": ""0.97.3"", ""numpy"": ""2.3.5"", ""registry_method"": ""pls"", ""timing_schema"": ""adaptive-v1""}",
pls,python_tier2,Python,tier 2,pls4all_binding,100,50,1,dev-release,1234567890,1234567894,True,1.3110669679008424,1.3110669679008424,1.3110669679008424,1.3110669679008424,1.3110669679008424,1.3110669679008424,1,2,2,1.9204330164939165,False,single,probe_le_100ms,registry_pls4all,0.0,True,,registry_pls4all,0.0,True,,ref_python_scikit_learn,3.127002756136974,1.3342840849128899,False,,0.1,/home/delete/nirs4all/pls4all/benchmarks/cross_binding/data/.reference_oracles/pls_ref_python_scikit_learn_100x50_seed1234567894.npy,external,False,2.355692216020543,/home/delete/nirs4all/pls4all/benchmarks/cross_binding/data/.predictions/pls_python_tier2_100x50_t1_dev-release.npy,"{""language"": ""Python 3.13.13"", ""blas"": ""libscipy_openblas 0.3.30 blas=1; libscipy_openblas 0.3.30 blas=1; libgomp ? openmp=1"", ""pls4all"": ""0.97.3"", ""numpy"": ""2.3.5"", ""sklearn_class"": ""PLSRegression"", ""timing_schema"": ""adaptive-v1""}",
pls,r_tier1,R,tier 1,pls4all_binding,100,50,1,dev-release,1234567890,1234567894,True,4.5015,4.5015,4.5015,4.5015,4.5015,4.5015,1,2,2,50.739,False,single,probe_le_100ms,registry_pls4all,0.0,True,,registry_pls4all,0.0,True,,ref_python_scikit_learn,3.127002756136974,1.3342840849128899,False,,0.1,/home/delete/nirs4all/pls4all/benchmarks/cross_binding/data/.reference_oracles/pls_ref_python_scikit_learn_100x50_seed1234567894.npy,external,False,0.20268223399762064,/home/delete/nirs4all/pls4all/benchmarks/cross_binding/data/.predictions/pls_r_tier1_100x50_t1_dev-release.npy,"{""language"": ""R 4.3.3"", ""pls4all"": ""0.97.3"", ""registry_method"": ""pls"", ""blas"": ""linked-BLAS"", ""timing_schema"": ""adaptive-v1""}",
pls,r_tier2,R,tier 2,pls4all_binding,100,50,1,dev-release,1234567890,1234567894,True,5.1768,5.1768,5.1768,5.1768,5.1768,5.1768,1,2,2,56.833,False,single,probe_le_100ms,registry_pls4all,0.0,True,,registry_pls4all,0.0,True,,ref_python_scikit_learn,3.127002756136974,1.3342840849128899,False,,0.1,/home/delete/nirs4all/pls4all/benchmarks/cross_binding/data/.reference_oracles/pls_ref_python_scikit_learn_100x50_seed1234567894.npy,external,False,0.20659310003975406,/home/delete/nirs4all/pls4all/benchmarks/cross_binding/data/.predictions/pls_r_tier2_100x50_t1_dev-release.npy,"{""language"": ""R 4.3.3"", ""pls4all"": ""0.97.3"", ""registry_method"": ""pls"", ""formula_facade"": true, ""blas"": ""linked-BLAS"", ""timing_schema"": ""adaptive-v1""}",
pls,r_pls_compat,R,pls compat,pls4all_binding,100,50,1,dev-release,1234567890,1234567893,True,9.6885,9.6885,9.6885,9.6885,9.6885,9.6885,1,2,2,53.7036,False,single,probe_le_100ms,r_pls_compat,0.0,True,,r_pls_compat,0.0,True,,ref_python_scikit_learn,nan,nan,False,reference oracle missing; run canonical reference backend,0.1,/home/delete/nirs4all/pls4all/benchmarks/cross_binding/data/.reference_oracles/pls_ref_python_scikit_learn_100x50_seed1234567893.npy,external,False,0.2156822170363739,/home/delete/nirs4all/pls4all/benchmarks/cross_binding/data/.predictions/pls_r_pls_compat_100x50_t1_dev-release.npy,"{""language"": ""R 4.3.3"", ""pls4all"": ""0.97.3"", ""registry_method"": ""pls"", ""facade"": ""pls_compat"", ""formula_facade"": true, ""blas"": ""linked-BLAS"", ""timing_schema"": ""adaptive-v1""}",
pls,r_mdatools_compat,R,mdatools compat,pls4all_binding,100,50,1,dev-release,1234567890,1234567893,True,6.3899,6.3899,6.3899,6.3899,6.3899,6.3899,1,2,2,46.1328,False,single,probe_le_100ms,r_pls_compat,0.0,True,,r_pls_compat,0.0,True,,ref_python_scikit_learn,nan,nan,False,reference oracle missing; run canonical reference backend,0.1,/home/delete/nirs4all/pls4all/benchmarks/cross_binding/data/.reference_oracles/pls_ref_python_scikit_learn_100x50_seed1234567893.npy,external,False,0.19145108200609684,/home/delete/nirs4all/pls4all/benchmarks/cross_binding/data/.predictions/pls_r_mdatools_compat_100x50_t1_dev-release.npy,"{""language"": ""R 4.3.3"", ""pls4all"": ""0.97.3"", ""registry_method"": ""pls"", ""facade"": ""mdatools_compat"", ""matrix_facade"": true, ""blas"": ""linked-BLAS"", ""timing_schema"": ""adaptive-v1""}",
pls,matlab_tier1,MATLAB,tier 1,pls4all_binding,100,50,1,dev-release,1234567890,1234567894,True,1.67489051818848,1.67489051818848,1.67489051818848,1.67489051818848,1.67489051818848,1.67489051818848,1,2,2,3.79705429077148,False,single,probe_le_100ms,registry_pls4all,0.0,True,,registry_pls4all,0.0,True,,ref_python_scikit_learn,3.127002756136974,1.3342840849128899,False,,0.1,/home/delete/nirs4all/pls4all/benchmarks/cross_binding/data/.reference_oracles/pls_ref_python_scikit_learn_100x50_seed1234567894.npy,external,False,0.15411960700294003,/home/delete/nirs4all/pls4all/benchmarks/cross_binding/data/.predictions/pls_matlab_tier1_100x50_t1_dev-release.npy,"{""language"": ""Octave 10.3.0"", ""pls4all"": ""from libp4a-linked MEX"", ""registry_method"": ""pls"", ""blas"": ""linked-BLAS"", ""timing_schema"": ""adaptive-v1""}",
pls,matlab_tier2,MATLAB,tier 2,pls4all_binding,100,50,1,dev-release,1234567890,1234567894,True,2.04300880432129,2.04300880432129,2.04300880432129,2.04300880432129,2.04300880432129,2.04300880432129,1,2,2,5.54609298706055,False,single,probe_le_100ms,registry_pls4all,2.220446049250313e-15,True,,registry_pls4all,2.220446049250313e-15,True,,ref_python_scikit_learn,3.127002756136974,1.3342840849128899,False,,0.1,/home/delete/nirs4all/pls4all/benchmarks/cross_binding/data/.reference_oracles/pls_ref_python_scikit_learn_100x50_seed1234567894.npy,external,False,0.177569501043763,/home/delete/nirs4all/pls4all/benchmarks/cross_binding/data/.predictions/pls_matlab_tier2_100x50_t1_dev-release.npy,"{""language"": ""Octave 10.3.0"", ""pls4all"": ""from libp4a-linked MEX + classdefs"", ""registry_method"": ""pls"", ""blas"": ""linked-BLAS"", ""timing_schema"": ""adaptive-v1""}",
simpls,registry_pls4all,Python,canonical,pls4all_binding,30,30,1,dev-release,1234567890,1234567890,False,,,,,,,,,,,,,,,,,,,,,,,,,,,,,,,1.9125179100083187,,{},KeyError: 'unknown method: simpls'
simpls,cpp,C++,direct,pls4all_core,30,30,1,dev-release,1234567890,1234567890,False,,,,,,,,,,,,,,,,,,,,,,,,,,,,,,,1.9173121869680472,,{},KeyError: 'unknown method: simpls'
simpls,python_tier1,Python,tier 1,pls4all_binding,30,30,1,dev-release,1234567890,1234567890,False,,,,,,,,,,,,,,,,,,,,,,,,,,,,,,,1.8426376789575443,,{},KeyError: 'unknown method: simpls'
simpls,python_tier2,Python,tier 2,pls4all_binding,30,30,1,dev-release,1234567890,1234567890,False,,,,,,,,,,,,,,,,,,,,,,,,,,,,,,,1.7015431789914146,,{},RuntimeError: python_tier2: algo 'simpls' not declared in _SKLEARN_CLASS
simpls,r_tier1,R,tier 1,pls4all_binding,30,30,1,dev-release,1234567890,1234567890,False,,,,,,,,,,,,,,,,,,,,,,,,,,,,,,,0.174857540987432,,{},unknown algo failed: invalid argument
simpls,r_tier2,R,tier 2,pls4all_binding,30,30,1,dev-release,1234567890,1234567890,False,,,,,,,,,,,,,,,,,,,,,,,,,,,,,,,0.1699174860259518,,{},unknown algo failed: invalid argument
simpls,r_pls_compat,R,pls compat,pls4all_binding,30,30,1,dev-release,1234567890,1234567890,False,,,,,,,,,,,,,,,,,,,,,,,,,,,,,,,0.17118715099059045,,{},unknown algo failed: invalid argument
simpls,r_mdatools_compat,R,mdatools compat,pls4all_binding,30,30,1,dev-release,1234567890,1234567890,False,,,,,,,,,,,,,,,,,,,,,,,,,,,,,,,0.17061290401034057,,{},unknown algo failed: invalid argument
simpls,matlab_tier1,MATLAB,tier 1,pls4all_binding,30,30,1,dev-release,1234567890,1234567890,False,,,,,,,,,,,,,,,,,,,,,,,,,,,,,,,0.25794109603157267,,{},error: p4a_method_fit_mex: simpls failed: invalid argument
simpls,matlab_tier2,MATLAB,tier 2,pls4all_binding,30,30,1,dev-release,1234567890,1234567890,True,0.949859619140625,0.949859619140625,0.949859619140625,0.949859619140625,0.949859619140625,0.949859619140625,1,2,2,4.57906723022461,False,single,probe_le_100ms,matlab_tier2,0.0,True,,matlab_tier2,0.0,True,,,nan,nan,False,reference oracle missing; run canonical reference backend,nan,/home/delete/nirs4all/pls4all/benchmarks/cross_binding/data/.reference_oracles/simpls__30x30_seed1234567890.npy,external,False,0.15961924195289612,/home/delete/nirs4all/pls4all/benchmarks/cross_binding/data/.predictions/simpls_matlab_tier2_30x30_t1_dev-release.npy,"{""language"": ""Octave 10.3.0"", ""pls4all"": ""from libp4a-linked MEX + classdefs"", ""registry_method"": ""simpls"", ""blas"": ""linked-BLAS"", ""timing_schema"": ""adaptive-v1""}",
simpls,registry_pls4all,Python,canonical,pls4all_binding,100,50,1,dev-release,1234567890,1234567890,False,,,,,,,,,,,,,,,,,,,,,,,,,,,,,,,1.8425216019968502,,{},KeyError: 'unknown method: simpls'
simpls,cpp,C++,direct,pls4all_core,100,50,1,dev-release,1234567890,1234567890,False,,,,,,,,,,,,,,,,,,,,,,,,,,,,,,,1.8336951220408082,,{},KeyError: 'unknown method: simpls'
simpls,python_tier1,Python,tier 1,pls4all_binding,100,50,1,dev-release,1234567890,1234567890,False,,,,,,,,,,,,,,,,,,,,,,,,,,,,,,,1.9780526219983585,,{},KeyError: 'unknown method: simpls'
simpls,python_tier2,Python,tier 2,pls4all_binding,100,50,1,dev-release,1234567890,1234567890,False,,,,,,,,,,,,,,,,,,,,,,,,,,,,,,,1.7386284440290183,,{},RuntimeError: python_tier2: algo 'simpls' not declared in _SKLEARN_CLASS
simpls,r_tier1,R,tier 1,pls4all_binding,100,50,1,dev-release,1234567890,1234567890,False,,,,,,,,,,,,,,,,,,,,,,,,,,,,,,,0.16999431501608342,,{},unknown algo failed: invalid argument
simpls,r_tier2,R,tier 2,pls4all_binding,100,50,1,dev-release,1234567890,1234567890,False,,,,,,,,,,,,,,,,,,,,,,,,,,,,,,,0.16575135599123314,,{},unknown algo failed: invalid argument
simpls,r_pls_compat,R,pls compat,pls4all_binding,100,50,1,dev-release,1234567890,1234567890,False,,,,,,,,,,,,,,,,,,,,,,,,,,,,,,,0.18008351098978892,,{},unknown algo failed: invalid argument
simpls,r_mdatools_compat,R,mdatools compat,pls4all_binding,100,50,1,dev-release,1234567890,1234567890,False,,,,,,,,,,,,,,,,,,,,,,,,,,,,,,,0.17040347901638597,,{},unknown algo failed: invalid argument
simpls,matlab_tier1,MATLAB,tier 1,pls4all_binding,100,50,1,dev-release,1234567890,1234567890,False,,,,,,,,,,,,,,,,,,,,,,,,,,,,,,,0.1538538620225154,,{},error: p4a_method_fit_mex: simpls failed: invalid argument
simpls,matlab_tier2,MATLAB,tier 2,pls4all_binding,100,50,1,dev-release,1234567890,1234567890,True,1.99103355407715,1.99103355407715,1.99103355407715,1.99103355407715,1.99103355407715,1.99103355407715,1,2,2,5.11002540588379,False,single,probe_le_100ms,matlab_tier2,0.0,True,,matlab_tier2,0.0,True,,,nan,nan,False,reference oracle missing; run canonical reference backend,nan,/home/delete/nirs4all/pls4all/benchmarks/cross_binding/data/.reference_oracles/simpls__100x50_seed1234567890.npy,external,False,0.17954523500520736,/home/delete/nirs4all/pls4all/benchmarks/cross_binding/data/.predictions/simpls_matlab_tier2_100x50_t1_dev-release.npy,"{""language"": ""Octave 10.3.0"", ""pls4all"": ""from libp4a-linked MEX + classdefs"", ""registry_method"": ""simpls"", ""blas"": ""linked-BLAS"", ""timing_schema"": ""adaptive-v1""}",
cars_select,registry_pls4all,Python,canonical,pls4all_binding,30,30,1,dev-release,1234567890,1234567890,True,0.7453910075128078,0.7453910075128078,0.7453910075128078,0.7453910075128078,0.7453910075128078,0.7453910075128078,1,2,2,1.4829760184511542,False,single,probe_le_100ms,registry_pls4all,0.0,True,,registry_pls4all,0.0,True,,ref_r_enpls,0.5773502691896257,0.8164965809277259,True,,1.4,/home/delete/nirs4all/pls4all/benchmarks/cross_binding/data/.reference_oracles/cars_select_ref_r_enpls_30x30_seed1234567890.npy,external,False,1.8701286060386337,/home/delete/nirs4all/pls4all/benchmarks/cross_binding/data/.predictions/cars_select_registry_pls4all_30x30_t1_dev-release.npy,"{""language"": ""Python 3.13.13"", ""blas"": ""libscipy_openblas 0.3.30 blas=1"", ""pls4all"": ""0.97.3"", ""numpy"": ""2.3.5"", ""registry_method"": ""cars_select"", ""timing_schema"": ""adaptive-v1""}",
cars_select,cpp,C++,direct,pls4all_core,30,30,1,dev-release,1234567890,1234567890,True,0.6901089800521731,0.6901089800521731,0.6901089800521731,0.6901089800521731,0.6901089800521731,0.6901089800521731,1,2,2,1.309128012508154,False,single,probe_le_100ms,registry_pls4all,0.0,True,,registry_pls4all,0.0,True,,ref_r_enpls,0.5773502691896257,0.8164965809277259,True,,1.4,/home/delete/nirs4all/pls4all/benchmarks/cross_binding/data/.reference_oracles/cars_select_ref_r_enpls_30x30_seed1234567890.npy,external,False,1.9432701750192791,/home/delete/nirs4all/pls4all/benchmarks/cross_binding/data/.predictions/cars_select_cpp_30x30_t1_dev-release.npy,"{""language"": ""C++ (via ctypes bridge) (host Linux x86_64)"", ""blas"": ""libscipy_openblas 0.3.30 blas=1"", ""libp4a"": ""0.97.3+abi.1.16.0"", ""numpy"": ""2.3.5"", ""registry_method"": ""cars_select"", ""timing_schema"": ""adaptive-v1""}",
cars_select,python_tier1,Python,tier 1,pls4all_binding,30,30,1,dev-release,1234567890,1234567890,True,0.6886959890834987,0.6886959890834987,0.6886959890834987,0.6886959890834987,0.6886959890834987,0.6886959890834987,1,2,2,1.2556330184452236,False,single,probe_le_100ms,registry_pls4all,0.0,True,,registry_pls4all,0.0,True,,ref_r_enpls,0.5773502691896257,0.8164965809277259,True,,1.4,/home/delete/nirs4all/pls4all/benchmarks/cross_binding/data/.reference_oracles/cars_select_ref_r_enpls_30x30_seed1234567890.npy,external,False,1.8479257440194488,/home/delete/nirs4all/pls4all/benchmarks/cross_binding/data/.predictions/cars_select_python_tier1_30x30_t1_dev-release.npy,"{""language"": ""Python 3.13.13"", ""blas"": ""libscipy_openblas 0.3.30 blas=1"", ""pls4all"": ""0.97.3"", ""numpy"": ""2.3.5"", ""registry_method"": ""cars_select"", ""timing_schema"": ""adaptive-v1""}",
cars_select,python_tier2,Python,tier 2,pls4all_binding,30,30,1,dev-release,1234567890,1234567890,True,0.813296006526798,0.813296006526798,0.813296006526798,0.813296006526798,0.813296006526798,0.813296006526798,1,2,2,1.247142965439707,False,single,probe_le_100ms,registry_pls4all,0.0,True,,registry_pls4all,0.0,True,,ref_r_enpls,0.5773502691896257,0.8164965809277259,True,,1.4,/home/delete/nirs4all/pls4all/benchmarks/cross_binding/data/.reference_oracles/cars_select_ref_r_enpls_30x30_seed1234567890.npy,external,False,2.3220445819897577,/home/delete/nirs4all/pls4all/benchmarks/cross_binding/data/.predictions/cars_select_python_tier2_30x30_t1_dev-release.npy,"{""language"": ""Python 3.13.13"", ""blas"": ""libscipy_openblas 0.3.30 blas=1; libscipy_openblas 0.3.30 blas=1; libgomp ? openmp=1"", ""pls4all"": ""0.97.3"", ""numpy"": ""2.3.5"", ""sklearn_class"": ""CARSSelector"", ""timing_schema"": ""adaptive-v1""}",
cars_select,r_tier1,R,tier 1,pls4all_binding,30,30,1,dev-release,1234567890,1234567890,True,3.0452,3.0452,3.0452,3.0452,3.0452,3.0452,1,2,2,52.1641,False,single,probe_le_100ms,registry_pls4all,0.0,True,,registry_pls4all,0.0,True,,ref_r_enpls,0.5773502691896257,0.8164965809277259,True,,1.4,/home/delete/nirs4all/pls4all/benchmarks/cross_binding/data/.reference_oracles/cars_select_ref_r_enpls_30x30_seed1234567890.npy,external,False,0.2000210770056583,/home/delete/nirs4all/pls4all/benchmarks/cross_binding/data/.predictions/cars_select_r_tier1_30x30_t1_dev-release.npy,"{""language"": ""R 4.3.3"", ""pls4all"": ""0.97.3"", ""registry_method"": ""cars_select"", ""blas"": ""linked-BLAS"", ""timing_schema"": ""adaptive-v1""}",
cars_select,r_tier2,R,tier 2,pls4all_binding,30,30,1,dev-release,1234567890,1234567890,True,3.5176,3.5176,3.5176,3.5176,3.5176,3.5176,1,2,2,53.8088,False,single,probe_le_100ms,registry_pls4all,0.0,True,,registry_pls4all,0.0,True,,ref_r_enpls,0.5773502691896257,0.8164965809277259,True,,1.4,/home/delete/nirs4all/pls4all/benchmarks/cross_binding/data/.reference_oracles/cars_select_ref_r_enpls_30x30_seed1234567890.npy,external,False,0.1974018639884889,/home/delete/nirs4all/pls4all/benchmarks/cross_binding/data/.predictions/cars_select_r_tier2_30x30_t1_dev-release.npy,"{""language"": ""R 4.3.3"", ""pls4all"": ""0.97.3"", ""registry_method"": ""cars_select"", ""formula_facade"": true, ""blas"": ""linked-BLAS"", ""timing_schema"": ""adaptive-v1""}",
cars_select,r_pls_compat,R,pls compat,pls4all_binding,30,30,1,dev-release,1234567890,1234567890,True,3.2654,3.2654,3.2654,3.2654,3.2654,3.2654,1,2,2,52.9131,False,single,probe_le_100ms,registry_pls4all,0.0,True,,registry_pls4all,0.0,True,,ref_r_enpls,0.5773502691896257,0.8164965809277259,True,,1.4,/home/delete/nirs4all/pls4all/benchmarks/cross_binding/data/.reference_oracles/cars_select_ref_r_enpls_30x30_seed1234567890.npy,external,False,0.20185757003491744,/home/delete/nirs4all/pls4all/benchmarks/cross_binding/data/.predictions/cars_select_r_pls_compat_30x30_t1_dev-release.npy,"{""language"": ""R 4.3.3"", ""pls4all"": ""0.97.3"", ""registry_method"": ""cars_select"", ""facade"": ""pls_compat"", ""formula_facade"": true, ""blas"": ""linked-BLAS"", ""timing_schema"": ""adaptive-v1""}",
cars_select,r_mdatools_compat,R,mdatools compat,pls4all_binding,30,30,1,dev-release,1234567890,1234567890,True,3.426,3.426,3.426,3.426,3.426,3.426,1,2,2,54.5212,False,single,probe_le_100ms,registry_pls4all,0.0,True,,registry_pls4all,0.0,True,,ref_r_enpls,0.5773502691896257,0.8164965809277259,True,,1.4,/home/delete/nirs4all/pls4all/benchmarks/cross_binding/data/.reference_oracles/cars_select_ref_r_enpls_30x30_seed1234567890.npy,external,False,0.200855117989704,/home/delete/nirs4all/pls4all/benchmarks/cross_binding/data/.predictions/cars_select_r_mdatools_compat_30x30_t1_dev-release.npy,"{""language"": ""R 4.3.3"", ""pls4all"": ""0.97.3"", ""registry_method"": ""cars_select"", ""facade"": ""mdatools_compat"", ""matrix_facade"": true, ""blas"": ""linked-BLAS"", ""timing_schema"": ""adaptive-v1""}",
cars_select,matlab_tier1,MATLAB,tier 1,pls4all_binding,30,30,1,dev-release,1234567890,1234567890,True,0.783920288085938,0.783920288085938,0.783920288085938,0.783920288085938,0.783920288085938,0.783920288085938,1,2,2,2.34889984130859,False,single,probe_le_100ms,registry_pls4all,0.0,True,,registry_pls4all,0.0,True,,ref_r_enpls,0.5773502691896257,0.8164965809277259,True,,1.4,/home/delete/nirs4all/pls4all/benchmarks/cross_binding/data/.reference_oracles/cars_select_ref_r_enpls_30x30_seed1234567890.npy,external,False,0.15659646701533347,/home/delete/nirs4all/pls4all/benchmarks/cross_binding/data/.predictions/cars_select_matlab_tier1_30x30_t1_dev-release.npy,"{""language"": ""Octave 10.3.0"", ""pls4all"": ""from libp4a-linked MEX"", ""registry_method"": ""cars_select"", ""blas"": ""linked-BLAS"", ""timing_schema"": ""adaptive-v1""}",
cars_select,matlab_tier2,MATLAB,tier 2,pls4all_binding,30,30,1,dev-release,1234567890,1234567890,True,1.09195709228516,1.09195709228516,1.09195709228516,1.09195709228516,1.09195709228516,1.09195709228516,1,2,2,4.77409362792969,False,single,probe_le_100ms,registry_pls4all,0.0,True,,registry_pls4all,0.0,True,,ref_r_enpls,0.5773502691896257,0.8164965809277259,True,,1.4,/home/delete/nirs4all/pls4all/benchmarks/cross_binding/data/.reference_oracles/cars_select_ref_r_enpls_30x30_seed1234567890.npy,external,False,0.1619562410051003,/home/delete/nirs4all/pls4all/benchmarks/cross_binding/data/.predictions/cars_select_matlab_tier2_30x30_t1_dev-release.npy,"{""language"": ""Octave 10.3.0"", ""pls4all"": ""from libp4a-linked MEX + classdefs"", ""registry_method"": ""cars_select"", ""blas"": ""linked-BLAS"", ""timing_schema"": ""adaptive-v1""}",
cars_select,registry_pls4all,Python,canonical,pls4all_binding,100,50,1,dev-release,1234567890,1234567928,True,1.5583530184812844,1.5583530184812844,1.5583530184812844,1.5583530184812844,1.5583530184812844,1.5583530184812844,1,2,2,2.502235001884401,False,single,probe_le_100ms,registry_pls4all,0.0,True,,registry_pls4all,0.0,True,,ref_r_enpls,0.5291502622129182,0.9660917830792961,True,,1.4,/home/delete/nirs4all/pls4all/benchmarks/cross_binding/data/.reference_oracles/cars_select_ref_r_enpls_100x50_seed1234567928.npy,external,False,1.9258004450239241,/home/delete/nirs4all/pls4all/benchmarks/cross_binding/data/.predictions/cars_select_registry_pls4all_100x50_t1_dev-release.npy,"{""language"": ""Python 3.13.13"", ""blas"": ""libscipy_openblas 0.3.30 blas=1"", ""pls4all"": ""0.97.3"", ""numpy"": ""2.3.5"", ""registry_method"": ""cars_select"", ""timing_schema"": ""adaptive-v1""}",
cars_select,cpp,C++,direct,pls4all_core,100,50,1,dev-release,1234567890,1234567928,True,1.533549977466464,1.533549977466464,1.533549977466464,1.533549977466464,1.533549977466464,1.533549977466464,1,2,2,2.0792430150322616,False,single,probe_le_100ms,registry_pls4all,0.0,True,,registry_pls4all,0.0,True,,ref_r_enpls,0.5291502622129182,0.9660917830792961,True,,1.4,/home/delete/nirs4all/pls4all/benchmarks/cross_binding/data/.reference_oracles/cars_select_ref_r_enpls_100x50_seed1234567928.npy,external,False,1.8785318710142747,/home/delete/nirs4all/pls4all/benchmarks/cross_binding/data/.predictions/cars_select_cpp_100x50_t1_dev-release.npy,"{""language"": ""C++ (via ctypes bridge) (host Linux x86_64)"", ""blas"": ""libscipy_openblas 0.3.30 blas=1"", ""libp4a"": ""0.97.3+abi.1.16.0"", ""numpy"": ""2.3.5"", ""registry_method"": ""cars_select"", ""timing_schema"": ""adaptive-v1""}",
cars_select,python_tier1,Python,tier 1,pls4all_binding,100,50,1,dev-release,1234567890,1234567928,True,1.5661849756725132,1.5661849756725132,1.5661849756725132,1.5661849756725132,1.5661849756725132,1.5661849756725132,1,2,2,2.1078450372442603,False,single,probe_le_100ms,registry_pls4all,0.0,True,,registry_pls4all,0.0,True,,ref_r_enpls,0.5291502622129182,0.9660917830792961,True,,1.4,/home/delete/nirs4all/pls4all/benchmarks/cross_binding/data/.reference_oracles/cars_select_ref_r_enpls_100x50_seed1234567928.npy,external,False,2.010678212973289,/home/delete/nirs4all/pls4all/benchmarks/cross_binding/data/.predictions/cars_select_python_tier1_100x50_t1_dev-release.npy,"{""language"": ""Python 3.13.13"", ""blas"": ""libscipy_openblas 0.3.30 blas=1"", ""pls4all"": ""0.97.3"", ""numpy"": ""2.3.5"", ""registry_method"": ""cars_select"", ""timing_schema"": ""adaptive-v1""}",
cars_select,python_tier2,Python,tier 2,pls4all_binding,100,50,1,dev-release,1234567890,1234567928,True,1.7645950429141521,1.7645950429141521,1.7645950429141521,1.7645950429141521,1.7645950429141521,1.7645950429141521,1,2,2,2.33981799101457,False,single,probe_le_100ms,registry_pls4all,0.0,True,,registry_pls4all,0.0,True,,ref_r_enpls,0.5291502622129182,0.9660917830792961,True,,1.4,/home/delete/nirs4all/pls4all/benchmarks/cross_binding/data/.reference_oracles/cars_select_ref_r_enpls_100x50_seed1234567928.npy,external,False,2.4721924120094627,/home/delete/nirs4all/pls4all/benchmarks/cross_binding/data/.predictions/cars_select_python_tier2_100x50_t1_dev-release.npy,"{""language"": ""Python 3.13.13"", ""blas"": ""libscipy_openblas 0.3.30 blas=1; libscipy_openblas 0.3.30 blas=1; libgomp ? openmp=1"", ""pls4all"": ""0.97.3"", ""numpy"": ""2.3.5"", ""sklearn_class"": ""CARSSelector"", ""timing_schema"": ""adaptive-v1""}",
cars_select,r_tier1,R,tier 1,pls4all_binding,100,50,1,dev-release,1234567890,1234567928,True,4.3188,4.3188,4.3188,4.3188,4.3188,4.3188,1,2,2,51.6226,False,single,probe_le_100ms,registry_pls4all,0.0,True,,registry_pls4all,0.0,True,,ref_r_enpls,0.5291502622129182,0.9660917830792961,True,,1.4,/home/delete/nirs4all/pls4all/benchmarks/cross_binding/data/.reference_oracles/cars_select_ref_r_enpls_100x50_seed1234567928.npy,external,False,0.2084583709947765,/home/delete/nirs4all/pls4all/benchmarks/cross_binding/data/.predictions/cars_select_r_tier1_100x50_t1_dev-release.npy,"{""language"": ""R 4.3.3"", ""pls4all"": ""0.97.3"", ""registry_method"": ""cars_select"", ""blas"": ""linked-BLAS"", ""timing_schema"": ""adaptive-v1""}",
cars_select,r_tier2,R,tier 2,pls4all_binding,100,50,1,dev-release,1234567890,1234567928,True,5.1865,5.1865,5.1865,5.1865,5.1865,5.1865,1,2,2,56.4006,False,single,probe_le_100ms,registry_pls4all,0.0,True,,registry_pls4all,0.0,True,,ref_r_enpls,0.5291502622129182,0.9660917830792961,True,,1.4,/home/delete/nirs4all/pls4all/benchmarks/cross_binding/data/.reference_oracles/cars_select_ref_r_enpls_100x50_seed1234567928.npy,external,False,0.20456397399539128,/home/delete/nirs4all/pls4all/benchmarks/cross_binding/data/.predictions/cars_select_r_tier2_100x50_t1_dev-release.npy,"{""language"": ""R 4.3.3"", ""pls4all"": ""0.97.3"", ""registry_method"": ""cars_select"", ""formula_facade"": true, ""blas"": ""linked-BLAS"", ""timing_schema"": ""adaptive-v1""}",
cars_select,r_pls_compat,R,pls compat,pls4all_binding,100,50,1,dev-release,1234567890,1234567893,True,5.9985,5.9985,5.9985,5.9985,5.9985,5.9985,1,2,2,59.6384,False,single,probe_le_100ms,r_pls_compat,0.0,True,,r_pls_compat,0.0,True,,ref_r_enpls,nan,nan,False,reference oracle missing; run canonical reference backend,1.4,/home/delete/nirs4all/pls4all/benchmarks/cross_binding/data/.reference_oracles/cars_select_ref_r_enpls_100x50_seed1234567893.npy,external,False,0.21409161301562563,/home/delete/nirs4all/pls4all/benchmarks/cross_binding/data/.predictions/cars_select_r_pls_compat_100x50_t1_dev-release.npy,"{""language"": ""R 4.3.3"", ""pls4all"": ""0.97.3"", ""registry_method"": ""cars_select"", ""facade"": ""pls_compat"", ""formula_facade"": true, ""blas"": ""linked-BLAS"", ""timing_schema"": ""adaptive-v1""}",
cars_select,r_mdatools_compat,R,mdatools compat,pls4all_binding,100,50,1,dev-release,1234567890,1234567893,True,4.8589,4.8589,4.8589,4.8589,4.8589,4.8589,1,2,2,51.0315,False,single,probe_le_100ms,r_pls_compat,0.0,True,,r_pls_compat,0.0,True,,ref_r_enpls,nan,nan,False,reference oracle missing; run canonical reference backend,1.4,/home/delete/nirs4all/pls4all/benchmarks/cross_binding/data/.reference_oracles/cars_select_ref_r_enpls_100x50_seed1234567893.npy,external,False,0.19910969299962744,/home/delete/nirs4all/pls4all/benchmarks/cross_binding/data/.predictions/cars_select_r_mdatools_compat_100x50_t1_dev-release.npy,"{""language"": ""R 4.3.3"", ""pls4all"": ""0.97.3"", ""registry_method"": ""cars_select"", ""facade"": ""mdatools_compat"", ""matrix_facade"": true, ""blas"": ""linked-BLAS"", ""timing_schema"": ""adaptive-v1""}",
cars_select,matlab_tier1,MATLAB,tier 1,pls4all_binding,100,50,1,dev-release,1234567890,1234567928,True,2.07209587097168,2.07209587097168,2.07209587097168,2.07209587097168,2.07209587097168,2.07209587097168,1,2,2,3.92413139343262,False,single,probe_le_100ms,registry_pls4all,0.0,True,,registry_pls4all,0.0,True,,ref_r_enpls,0.5291502622129182,0.9660917830792961,True,,1.4,/home/delete/nirs4all/pls4all/benchmarks/cross_binding/data/.reference_oracles/cars_select_ref_r_enpls_100x50_seed1234567928.npy,external,False,0.16163433500332758,/home/delete/nirs4all/pls4all/benchmarks/cross_binding/data/.predictions/cars_select_matlab_tier1_100x50_t1_dev-release.npy,"{""language"": ""Octave 10.3.0"", ""pls4all"": ""from libp4a-linked MEX"", ""registry_method"": ""cars_select"", ""blas"": ""linked-BLAS"", ""timing_schema"": ""adaptive-v1""}",
cars_select,matlab_tier2,MATLAB,tier 2,pls4all_binding,100,50,1,dev-release,1234567890,1234567928,True,2.5479793548584,2.5479793548584,2.5479793548584,2.5479793548584,2.5479793548584,2.5479793548584,1,2,2,6.10709190368652,False,single,probe_le_100ms,registry_pls4all,0.0,True,,registry_pls4all,0.0,True,,ref_r_enpls,0.5291502622129182,0.9660917830792961,True,,1.4,/home/delete/nirs4all/pls4all/benchmarks/cross_binding/data/.reference_oracles/cars_select_ref_r_enpls_100x50_seed1234567928.npy,external,False,0.2754641770152375,/home/delete/nirs4all/pls4all/benchmarks/cross_binding/data/.predictions/cars_select_matlab_tier2_100x50_t1_dev-release.npy,"{""language"": ""Octave 10.3.0"", ""pls4all"": ""from libp4a-linked MEX + classdefs"", ""registry_method"": ""cars_select"", ""blas"": ""linked-BLAS"", ""timing_schema"": ""adaptive-v1""}",
aom_pls,registry_pls4all,Python,canonical,pls4all_binding,30,30,1,dev-release,1234567890,1234567890,True,0.8920039981603622,0.8920039981603622,0.8920039981603622,0.8920039981603622,0.8920039981603622,0.8920039981603622,1,2,2,1.4539019903168082,False,single,probe_le_100ms,registry_pls4all,0.0,True,,registry_pls4all,0.0,True,,ref_python_nirs4all,9.576712689037314e-16,4.694053566836289e-16,True,,5.0,/home/delete/nirs4all/pls4all/benchmarks/cross_binding/data/.reference_oracles/aom_pls_ref_python_nirs4all_30x30_seed1234567890.npy,nirs4all_sanctioned,False,1.8863070869701914,/home/delete/nirs4all/pls4all/benchmarks/cross_binding/data/.predictions/aom_pls_registry_pls4all_30x30_t1_dev-release.npy,"{""language"": ""Python 3.13.13"", ""blas"": ""libscipy_openblas 0.3.30 blas=1"", ""pls4all"": ""0.97.3"", ""numpy"": ""2.3.5"", ""registry_method"": ""aom_pls"", ""timing_schema"": ""adaptive-v1""}",
aom_pls,cpp,C++,direct,pls4all_core,30,30,1,dev-release,1234567890,1234567890,True,0.8837110362946987,0.8837110362946987,0.8837110362946987,0.8837110362946987,0.8837110362946987,0.8837110362946987,1,2,2,1.4796050381846726,False,single,probe_le_100ms,registry_pls4all,0.0,True,,registry_pls4all,0.0,True,,ref_python_nirs4all,9.576712689037314e-16,4.694053566836289e-16,True,,5.0,/home/delete/nirs4all/pls4all/benchmarks/cross_binding/data/.reference_oracles/aom_pls_ref_python_nirs4all_30x30_seed1234567890.npy,nirs4all_sanctioned,False,1.9923024540184997,/home/delete/nirs4all/pls4all/benchmarks/cross_binding/data/.predictions/aom_pls_cpp_30x30_t1_dev-release.npy,"{""language"": ""C++ (via ctypes bridge) (host Linux x86_64)"", ""blas"": ""libscipy_openblas 0.3.30 blas=1"", ""libp4a"": ""0.97.3+abi.1.16.0"", ""numpy"": ""2.3.5"", ""registry_method"": ""aom_pls"", ""timing_schema"": ""adaptive-v1""}",
aom_pls,python_tier1,Python,tier 1,pls4all_binding,30,30,1,dev-release,1234567890,1234567890,True,0.882276042830199,0.882276042830199,0.882276042830199,0.882276042830199,0.882276042830199,0.882276042830199,1,2,2,1.4070249744690955,False,single,probe_le_100ms,registry_pls4all,0.0,True,,registry_pls4all,0.0,True,,ref_python_nirs4all,9.576712689037314e-16,4.694053566836289e-16,True,,5.0,/home/delete/nirs4all/pls4all/benchmarks/cross_binding/data/.reference_oracles/aom_pls_ref_python_nirs4all_30x30_seed1234567890.npy,nirs4all_sanctioned,False,1.932643238978926,/home/delete/nirs4all/pls4all/benchmarks/cross_binding/data/.predictions/aom_pls_python_tier1_30x30_t1_dev-release.npy,"{""language"": ""Python 3.13.13"", ""blas"": ""libscipy_openblas 0.3.30 blas=1"", ""pls4all"": ""0.97.3"", ""numpy"": ""2.3.5"", ""registry_method"": ""aom_pls"", ""timing_schema"": ""adaptive-v1""}",
aom_pls,python_tier2,Python,tier 2,pls4all_binding,30,30,1,dev-release,1234567890,1234567890,True,1.3017539749853313,1.3017539749853313,1.3017539749853313,1.3017539749853313,1.3017539749853313,1.3017539749853313,1,2,2,1.6753440140746534,False,single,probe_le_100ms,registry_pls4all,0.0,True,,registry_pls4all,0.0,True,,ref_python_nirs4all,9.576712689037314e-16,4.694053566836289e-16,True,,5.0,/home/delete/nirs4all/pls4all/benchmarks/cross_binding/data/.reference_oracles/aom_pls_ref_python_nirs4all_30x30_seed1234567890.npy,nirs4all_sanctioned,False,2.366726575011853,/home/delete/nirs4all/pls4all/benchmarks/cross_binding/data/.predictions/aom_pls_python_tier2_30x30_t1_dev-release.npy,"{""language"": ""Python 3.13.13"", ""blas"": ""libscipy_openblas 0.3.30 blas=1; libscipy_openblas 0.3.30 blas=1; libgomp ? openmp=1"", ""pls4all"": ""0.97.3"", ""numpy"": ""2.3.5"", ""sklearn_class"": ""aom_pls"", ""timing_schema"": ""adaptive-v1""}",
aom_pls,r_tier1,R,tier 1,pls4all_binding,30,30,1,dev-release,1234567890,1234567890,True,3.5166,3.5166,3.5166,3.5166,3.5166,3.5166,1,2,2,52.2188,False,single,probe_le_100ms,registry_pls4all,0.0,True,,registry_pls4all,0.0,True,,ref_python_nirs4all,9.576712689037314e-16,4.694053566836289e-16,True,,5.0,/home/delete/nirs4all/pls4all/benchmarks/cross_binding/data/.reference_oracles/aom_pls_ref_python_nirs4all_30x30_seed1234567890.npy,nirs4all_sanctioned,False,0.20085151999955997,/home/delete/nirs4all/pls4all/benchmarks/cross_binding/data/.predictions/aom_pls_r_tier1_30x30_t1_dev-release.npy,"{""language"": ""R 4.3.3"", ""pls4all"": ""0.97.3"", ""registry_method"": ""aom_pls"", ""blas"": ""linked-BLAS"", ""timing_schema"": ""adaptive-v1""}",
aom_pls,r_tier2,R,tier 2,pls4all_binding,30,30,1,dev-release,1234567890,1234567890,True,3.46,3.46,3.46,3.46,3.46,3.46,1,2,2,49.3445,False,single,probe_le_100ms,registry_pls4all,0.0,True,,registry_pls4all,0.0,True,,ref_python_nirs4all,9.576712689037314e-16,4.694053566836289e-16,True,,5.0,/home/delete/nirs4all/pls4all/benchmarks/cross_binding/data/.reference_oracles/aom_pls_ref_python_nirs4all_30x30_seed1234567890.npy,nirs4all_sanctioned,False,0.19153981702402234,/home/delete/nirs4all/pls4all/benchmarks/cross_binding/data/.predictions/aom_pls_r_tier2_30x30_t1_dev-release.npy,"{""language"": ""R 4.3.3"", ""pls4all"": ""0.97.3"", ""registry_method"": ""aom_pls"", ""formula_facade"": true, ""blas"": ""linked-BLAS"", ""timing_schema"": ""adaptive-v1""}",
aom_pls,r_pls_compat,R,pls compat,pls4all_binding,30,30,1,dev-release,1234567890,1234567890,True,3.7,3.7,3.7,3.7,3.7,3.7,1,2,2,53.7471,False,single,probe_le_100ms,registry_pls4all,0.0,True,,registry_pls4all,0.0,True,,ref_python_nirs4all,9.576712689037314e-16,4.694053566836289e-16,True,,5.0,/home/delete/nirs4all/pls4all/benchmarks/cross_binding/data/.reference_oracles/aom_pls_ref_python_nirs4all_30x30_seed1234567890.npy,nirs4all_sanctioned,False,0.2032261560088955,/home/delete/nirs4all/pls4all/benchmarks/cross_binding/data/.predictions/aom_pls_r_pls_compat_30x30_t1_dev-release.npy,"{""language"": ""R 4.3.3"", ""pls4all"": ""0.97.3"", ""registry_method"": ""aom_pls"", ""facade"": ""pls_compat"", ""formula_facade"": true, ""blas"": ""linked-BLAS"", ""timing_schema"": ""adaptive-v1""}",
aom_pls,r_mdatools_compat,R,mdatools compat,pls4all_binding,30,30,1,dev-release,1234567890,1234567890,True,3.7869,3.7869,3.7869,3.7869,3.7869,3.7869,1,2,2,54.2219,False,single,probe_le_100ms,registry_pls4all,0.0,True,,registry_pls4all,0.0,True,,ref_python_nirs4all,9.576712689037314e-16,4.694053566836289e-16,True,,5.0,/home/delete/nirs4all/pls4all/benchmarks/cross_binding/data/.reference_oracles/aom_pls_ref_python_nirs4all_30x30_seed1234567890.npy,nirs4all_sanctioned,False,0.200857660965994,/home/delete/nirs4all/pls4all/benchmarks/cross_binding/data/.predictions/aom_pls_r_mdatools_compat_30x30_t1_dev-release.npy,"{""language"": ""R 4.3.3"", ""pls4all"": ""0.97.3"", ""registry_method"": ""aom_pls"", ""facade"": ""mdatools_compat"", ""matrix_facade"": true, ""blas"": ""linked-BLAS"", ""timing_schema"": ""adaptive-v1""}",
aom_pls,matlab_tier1,MATLAB,tier 1,pls4all_binding,30,30,1,dev-release,1234567890,1234567890,True,1.1138916015625,1.1138916015625,1.1138916015625,1.1138916015625,1.1138916015625,1.1138916015625,1,2,2,2.56085395812988,False,single,probe_le_100ms,registry_pls4all,0.0,True,,registry_pls4all,0.0,True,,ref_python_nirs4all,9.576712689037314e-16,4.694053566836289e-16,True,,5.0,/home/delete/nirs4all/pls4all/benchmarks/cross_binding/data/.reference_oracles/aom_pls_ref_python_nirs4all_30x30_seed1234567890.npy,nirs4all_sanctioned,False,0.17072134598856792,/home/delete/nirs4all/pls4all/benchmarks/cross_binding/data/.predictions/aom_pls_matlab_tier1_30x30_t1_dev-release.npy,"{""language"": ""Octave 10.3.0"", ""pls4all"": ""from libp4a-linked MEX"", ""registry_method"": ""aom_pls"", ""blas"": ""linked-BLAS"", ""timing_schema"": ""adaptive-v1""}",
aom_pls,matlab_tier2,MATLAB,tier 2,pls4all_binding,30,30,1,dev-release,1234567890,1234567890,True,1.22880935668945,1.22880935668945,1.22880935668945,1.22880935668945,1.22880935668945,1.22880935668945,1,2,2,4.45103645324707,False,single,probe_le_100ms,registry_pls4all,0.0,True,,registry_pls4all,0.0,True,,ref_python_nirs4all,9.576712689037314e-16,4.694053566836289e-16,True,,5.0,/home/delete/nirs4all/pls4all/benchmarks/cross_binding/data/.reference_oracles/aom_pls_ref_python_nirs4all_30x30_seed1234567890.npy,nirs4all_sanctioned,False,0.15716214396525174,/home/delete/nirs4all/pls4all/benchmarks/cross_binding/data/.predictions/aom_pls_matlab_tier2_30x30_t1_dev-release.npy,"{""language"": ""Octave 10.3.0"", ""pls4all"": ""from libp4a-linked MEX + classdefs"", ""registry_method"": ""aom_pls"", ""blas"": ""linked-BLAS"", ""timing_schema"": ""adaptive-v1""}",
aom_pls,registry_pls4all,Python,canonical,pls4all_binding,100,50,1,dev-release,1234567890,1234567893,True,2.9293510015122592,2.9293510015122592,2.9293510015122592,2.9293510015122592,2.9293510015122592,2.9293510015122592,1,2,2,3.3348450087942183,False,single,probe_le_100ms,registry_pls4all,0.0,True,,registry_pls4all,0.0,True,,ref_python_nirs4all,3.196166233376744,1.5012969707954296,True,,5.0,/home/delete/nirs4all/pls4all/benchmarks/cross_binding/data/.reference_oracles/aom_pls_ref_python_nirs4all_100x50_seed1234567893.npy,nirs4all_sanctioned,False,1.95744815596845,/home/delete/nirs4all/pls4all/benchmarks/cross_binding/data/.predictions/aom_pls_registry_pls4all_100x50_t1_dev-release.npy,"{""language"": ""Python 3.13.13"", ""blas"": ""libscipy_openblas 0.3.30 blas=1"", ""pls4all"": ""0.97.3"", ""numpy"": ""2.3.5"", ""registry_method"": ""aom_pls"", ""timing_schema"": ""adaptive-v1""}",
aom_pls,cpp,C++,direct,pls4all_core,100,50,1,dev-release,1234567890,1234567893,True,2.681796031538397,2.681796031538397,2.681796031538397,2.681796031538397,2.681796031538397,2.681796031538397,1,2,2,3.2536759972572327,False,single,probe_le_100ms,registry_pls4all,0.0,True,,registry_pls4all,0.0,True,,ref_python_nirs4all,3.196166233376744,1.5012969707954296,True,,5.0,/home/delete/nirs4all/pls4all/benchmarks/cross_binding/data/.reference_oracles/aom_pls_ref_python_nirs4all_100x50_seed1234567893.npy,nirs4all_sanctioned,False,1.9553823419846594,/home/delete/nirs4all/pls4all/benchmarks/cross_binding/data/.predictions/aom_pls_cpp_100x50_t1_dev-release.npy,"{""language"": ""C++ (via ctypes bridge) (host Linux x86_64)"", ""blas"": ""libscipy_openblas 0.3.30 blas=1"", ""libp4a"": ""0.97.3+abi.1.16.0"", ""numpy"": ""2.3.5"", ""registry_method"": ""aom_pls"", ""timing_schema"": ""adaptive-v1""}",
aom_pls,python_tier1,Python,tier 1,pls4all_binding,100,50,1,dev-release,1234567890,1234567893,True,2.9559919494204223,2.9559919494204223,2.9559919494204223,2.9559919494204223,2.9559919494204223,2.9559919494204223,1,2,2,3.324399993289262,False,single,probe_le_100ms,registry_pls4all,0.0,True,,registry_pls4all,0.0,True,,ref_python_nirs4all,3.196166233376744,1.5012969707954296,True,,5.0,/home/delete/nirs4all/pls4all/benchmarks/cross_binding/data/.reference_oracles/aom_pls_ref_python_nirs4all_100x50_seed1234567893.npy,nirs4all_sanctioned,False,1.8317343830130994,/home/delete/nirs4all/pls4all/benchmarks/cross_binding/data/.predictions/aom_pls_python_tier1_100x50_t1_dev-release.npy,"{""language"": ""Python 3.13.13"", ""blas"": ""libscipy_openblas 0.3.30 blas=1"", ""pls4all"": ""0.97.3"", ""numpy"": ""2.3.5"", ""registry_method"": ""aom_pls"", ""timing_schema"": ""adaptive-v1""}",
aom_pls,python_tier2,Python,tier 2,pls4all_binding,100,50,1,dev-release,1234567890,1234567893,True,2.7785769780166447,2.7785769780166447,2.7785769780166447,2.7785769780166447,2.7785769780166447,2.7785769780166447,1,2,2,4.137723008170724,False,single,probe_le_100ms,registry_pls4all,0.0,True,,registry_pls4all,0.0,True,,ref_python_nirs4all,3.196166233376744,1.5012969707954296,True,,5.0,/home/delete/nirs4all/pls4all/benchmarks/cross_binding/data/.reference_oracles/aom_pls_ref_python_nirs4all_100x50_seed1234567893.npy,nirs4all_sanctioned,False,2.290845499956049,/home/delete/nirs4all/pls4all/benchmarks/cross_binding/data/.predictions/aom_pls_python_tier2_100x50_t1_dev-release.npy,"{""language"": ""Python 3.13.13"", ""blas"": ""libscipy_openblas 0.3.30 blas=1; libscipy_openblas 0.3.30 blas=1; libgomp ? openmp=1"", ""pls4all"": ""0.97.3"", ""numpy"": ""2.3.5"", ""sklearn_class"": ""aom_pls"", ""timing_schema"": ""adaptive-v1""}",
aom_pls,r_tier1,R,tier 1,pls4all_binding,100,50,1,dev-release,1234567890,1234567893,True,5.3213,5.3213,5.3213,5.3213,5.3213,5.3213,1,2,2,49.4404,False,single,probe_le_100ms,registry_pls4all,0.0,True,,registry_pls4all,0.0,True,,ref_python_nirs4all,3.196166233376744,1.5012969707954296,True,,5.0,/home/delete/nirs4all/pls4all/benchmarks/cross_binding/data/.reference_oracles/aom_pls_ref_python_nirs4all_100x50_seed1234567893.npy,nirs4all_sanctioned,False,0.20078502700198442,/home/delete/nirs4all/pls4all/benchmarks/cross_binding/data/.predictions/aom_pls_r_tier1_100x50_t1_dev-release.npy,"{""language"": ""R 4.3.3"", ""pls4all"": ""0.97.3"", ""registry_method"": ""aom_pls"", ""blas"": ""linked-BLAS"", ""timing_schema"": ""adaptive-v1""}",
aom_pls,r_tier2,R,tier 2,pls4all_binding,100,50,1,dev-release,1234567890,1234567893,True,6.1631,6.1631,6.1631,6.1631,6.1631,6.1631,1,2,2,52.6758,False,single,probe_le_100ms,registry_pls4all,0.0,True,,registry_pls4all,0.0,True,,ref_python_nirs4all,3.196166233376744,1.5012969707954296,True,,5.0,/home/delete/nirs4all/pls4all/benchmarks/cross_binding/data/.reference_oracles/aom_pls_ref_python_nirs4all_100x50_seed1234567893.npy,nirs4all_sanctioned,False,0.2040922970045358,/home/delete/nirs4all/pls4all/benchmarks/cross_binding/data/.predictions/aom_pls_r_tier2_100x50_t1_dev-release.npy,"{""language"": ""R 4.3.3"", ""pls4all"": ""0.97.3"", ""registry_method"": ""aom_pls"", ""formula_facade"": true, ""blas"": ""linked-BLAS"", ""timing_schema"": ""adaptive-v1""}",
aom_pls,r_pls_compat,R,pls compat,pls4all_binding,100,50,1,dev-release,1234567890,1234567893,True,5.8389,5.8389,5.8389,5.8389,5.8389,5.8389,1,2,2,57.8894,False,single,probe_le_100ms,registry_pls4all,0.0,True,,registry_pls4all,0.0,True,,ref_python_nirs4all,3.196166233376744,1.5012969707954296,True,,5.0,/home/delete/nirs4all/pls4all/benchmarks/cross_binding/data/.reference_oracles/aom_pls_ref_python_nirs4all_100x50_seed1234567893.npy,nirs4all_sanctioned,False,0.20851567899808288,/home/delete/nirs4all/pls4all/benchmarks/cross_binding/data/.predictions/aom_pls_r_pls_compat_100x50_t1_dev-release.npy,"{""language"": ""R 4.3.3"", ""pls4all"": ""0.97.3"", ""registry_method"": ""aom_pls"", ""facade"": ""pls_compat"", ""formula_facade"": true, ""blas"": ""linked-BLAS"", ""timing_schema"": ""adaptive-v1""}",
aom_pls,r_mdatools_compat,R,mdatools compat,pls4all_binding,100,50,1,dev-release,1234567890,1234567893,True,6.2781,6.2781,6.2781,6.2781,6.2781,6.2781,1,2,2,59.239,False,single,probe_le_100ms,registry_pls4all,0.0,True,,registry_pls4all,0.0,True,,ref_python_nirs4all,3.196166233376744,1.5012969707954296,True,,5.0,/home/delete/nirs4all/pls4all/benchmarks/cross_binding/data/.reference_oracles/aom_pls_ref_python_nirs4all_100x50_seed1234567893.npy,nirs4all_sanctioned,False,0.21282557700760663,/home/delete/nirs4all/pls4all/benchmarks/cross_binding/data/.predictions/aom_pls_r_mdatools_compat_100x50_t1_dev-release.npy,"{""language"": ""R 4.3.3"", ""pls4all"": ""0.97.3"", ""registry_method"": ""aom_pls"", ""facade"": ""mdatools_compat"", ""matrix_facade"": true, ""blas"": ""linked-BLAS"", ""timing_schema"": ""adaptive-v1""}",
aom_pls,matlab_tier1,MATLAB,tier 1,pls4all_binding,100,50,1,dev-release,1234567890,1234567893,True,2.89297103881836,2.89297103881836,2.89297103881836,2.89297103881836,2.89297103881836,2.89297103881836,1,2,2,4.48393821716309,False,single,probe_le_100ms,registry_pls4all,0.0,True,,registry_pls4all,0.0,True,,ref_python_nirs4all,3.196166233376744,1.5012969707954296,True,,5.0,/home/delete/nirs4all/pls4all/benchmarks/cross_binding/data/.reference_oracles/aom_pls_ref_python_nirs4all_100x50_seed1234567893.npy,nirs4all_sanctioned,False,0.17498381400946528,/home/delete/nirs4all/pls4all/benchmarks/cross_binding/data/.predictions/aom_pls_matlab_tier1_100x50_t1_dev-release.npy,"{""language"": ""Octave 10.3.0"", ""pls4all"": ""from libp4a-linked MEX"", ""registry_method"": ""aom_pls"", ""blas"": ""linked-BLAS"", ""timing_schema"": ""adaptive-v1""}",
aom_pls,matlab_tier2,MATLAB,tier 2,pls4all_binding,100,50,1,dev-release,1234567890,1234567893,True,3.02410125732422,3.02410125732422,3.02410125732422,3.02410125732422,3.02410125732422,3.02410125732422,1,2,2,6.25109672546387,False,single,probe_le_100ms,registry_pls4all,0.0,True,,registry_pls4all,0.0,True,,ref_python_nirs4all,3.196166233376744,1.5012969707954296,True,,5.0,/home/delete/nirs4all/pls4all/benchmarks/cross_binding/data/.reference_oracles/aom_pls_ref_python_nirs4all_100x50_seed1234567893.npy,nirs4all_sanctioned,False,0.1656484510167502,/home/delete/nirs4all/pls4all/benchmarks/cross_binding/data/.predictions/aom_pls_matlab_tier2_100x50_t1_dev-release.npy,"{""language"": ""Octave 10.3.0"", ""pls4all"": ""from libp4a-linked MEX + classdefs"", ""registry_method"": ""aom_pls"", ""blas"": ""linked-BLAS"", ""timing_schema"": ""adaptive-v1""}",
